{
  "accuracy": 0.5625,
  "precision_weighted": 0.6647908090168797,
  "recall_weighted": 0.5625,
  "f1_weighted": 0.5259165437749391
}