{
  "accuracy": 0.9226666666666666,
  "precision_weighted": 0.9338118649080261,
  "recall_weighted": 0.9226666666666666,
  "f1_weighted": 0.9238189654992749
}